Section,Team,Name,Email
1,2,Abby Yu,xiyu@hawaii.edu
1,2,Mohamad Sarameh,msarameh@hawaii.edu
1,2,Sean Slate,sslate@hawaii.edu
1,3,Kylee Takanishi,kyleetak@hawaii.edu
1,3,Ashton Hannemann,ashtonh3@hawaii.edu
1,3,Veronica Stenberg,vs24@hawaii.edu
1,4,Christian Fernando-Alonzo,alonzo30@hawaii.edu
1,4,James Matsukawa,jameskma@hawaii.edu
1,4,Vivian Hui,huiv@hawaii.edu
1,1,Adam Hales,ahales@hawaii.edu
1,1,Hao Liang,lianghao@hawaii.edu
1,1,Ilan Matsuyoshi,ilankm@hawaii.edu